x,y,width,height
-0.9771866,0.4542904,0.032914285714285715,0.05
0.2743971,-0.018724363,0.05,0.024871428571428572
1.0696708,0.5140789,0.048271428571428576,0.03535714285714286
-1.3740069,-1.5179924,0.034814285714285714,0.04361428571428572
0.67537254,1.4594927,0.05,0.03904285714285714
-1.4445878,-1.5175661,0.034542857142857146,0.04248571428571429
0.3122111,0.43176013,0.05,0.024514285714285714
0.94571495,0.2688794,0.047414285714285714,0.034542857142857146
1.1032304,0.75324935,0.04722857142857143,0.03488571428571429
0.34953544,0.45913634,0.05,0.024800000000000003
0.5906855,1.3521148,0.05,0.039342857142857145
-0.24547376,-0.41698554,0.05,0.03482857142857143
-1.7132621,1.4576746,0.0349,0.05
0.5991614,-0.14293548,0.05,0.037828571428571434
0.58535826,-0.09650939,0.05,0.037885714285714286
1.2637918,0.80101925,0.04775714285714286,0.03525714285714286
-0.63850975,0.4909947,0.05,0.03535714285714286
-0.654907,0.3862711,0.05,0.03471428571428572
0.11629142,-1.2969942,0.043757142857142856,0.05
0.8068356,-1.3507756,0.03768571428571429,0.05
1.6347041,0.4957451,0.04812857142857143,0.03495714285714286
0.69821626,-1.1920756,0.03571428571428572,0.05
1.494048,0.6562943,0.04735714285714286,0.03485714285714286
-0.92782813,-1.458087,0.05,0.03324285714285714
-0.643573,-0.81274843,0.037200000000000004,0.05
-0.5449519,0.35277554,0.05,0.03748571428571428
-1.6929641,1.4869312,0.034728571428571435,0.05
0.6666232,0.5931393,0.05,0.0251
-0.68458587,-1.7423613,0.05,0.032600000000000004
0.67843586,0.6440716,0.05,0.024685714285714287
-1.6846576,1.4943876,0.0366,0.05
-0.76891017,-1.7106602,0.05,0.03275714285714286
-0.43238392,0.49407703,0.05,0.0367
-0.8809286,-1.5070837,0.05,0.03292857142857143
1.4316938,0.50462586,0.047142857142857146,0.03501428571428571
1.337866,0.2088902,0.04782857142857143,0.03514285714285714
0.8033616,-1.2829803,0.03641428571428572,0.05
0.78070104,-1.3289984,0.03547142857142857,0.05
1.2888598,0.77487874,0.04782857142857143,0.03482857142857143
0.16614603,-1.3081805,0.043757142857142856,0.05
-0.6301636,0.42992607,0.05,0.03475714285714286
-0.63940775,0.40186852,0.05,0.03515714285714286
0.5056503,-0.2662646,0.05,0.03781428571428572
0.6354761,-0.091238834,0.05,0.038285714285714284
-1.7042472,1.4826658,0.03484285714285714,0.05
-0.23664737,-0.28524014,0.05,0.0352
0.40856305,0.47716665,0.05,0.024071428571428573
0.577442,1.4138204,0.05,0.03937142857142858
1.1717222,0.7239778,0.047214285714285716,0.03471428571428572
1.2467104,0.17183511,0.0475,0.03462857142857143
-0.004950507,0.025696859,0.05,0.024642857142857147
-1.4535692,-1.5056303,0.034300000000000004,0.04328571428571429
0.6756956,1.3914444,0.05,0.03892857142857143
-1.2121075,-1.4819103,0.0337,0.044385714285714285
1.0416162,0.2882178,0.048100000000000004,0.034742857142857145
0.20062163,-0.06784919,0.05,0.024685714285714287
-1.0129135,0.4237141,0.032600000000000004,0.05
0.21196626,0.95983136,0.03384285714285714,0.05
-0.22584938,1.6354878,0.05,0.03505714285714286
0.2742631,-0.030987112,0.05,0.02674285714285714
0.7212372,0.73732233,0.05,0.02475714285714286
-1.4708809,-1.5504261,0.03442857142857143,0.04265714285714286
1.1773136,0.580022,0.04792857142857143,0.03497142857142857
0.9997564,0.551784,0.0478,0.03482857142857143
-0.7766971,-1.4421754,0.0346,0.04404285714285715
0.639729,1.4012637,0.05,0.039085714285714286
0.5295126,0.7191714,0.05,0.024642857142857147
-1.4651272,-1.5540689,0.03377142857142857,0.04568571428571429
-0.2434888,-0.41941288,0.05,0.0356
-1.8467717,0.76250213,0.0303,0.04285714285714286
1.3430612,0.73172367,0.04738571428571429,0.034242857142857144
-1.7189827,1.449068,0.036457142857142855,0.05
0.5244879,-0.3031341,0.05,0.037785714285714284
-2.130394,0.6210815,0.0303,0.04285714285714286
-0.47809216,0.29650703,0.05,0.035242857142857145
-0.6425072,0.44621834,0.05,0.03465714285714286
0.077053644,-1.2604513,0.043757142857142856,0.05
1.4858437,0.5335361,0.04774285714285714,0.03415714285714286
0.682807,-1.3718274,0.035228571428571435,0.05
1.2503812,0.16466536,0.0478,0.03457142857142857
-0.40760046,0.39686865,0.05,0.03667142857142857
-0.46940055,0.680635,0.05,0.03718571428571429
-0.7019023,-1.7413815,0.05,0.03152857142857143
-1.7375115,1.4381721,0.03592857142857143,0.05
0.708646,0.48050424,0.05,0.025142857142857147
-0.6898962,-1.7217802,0.05,0.03225714285714286
0.7074553,0.6483646,0.05,0.0246
-1.6935318,1.4839994,0.03465714285714286,0.05
-0.5210719,0.43202117,0.05,0.03761428571428572
-0.7072586,-1.1063575,0.05,0.03721428571428572
0.7550652,-1.0781063,0.03547142857142857,0.05
1.3285955,0.23950508,0.04778571428571429,0.03478571428571429
1.3230981,0.18695197,0.0474,0.034814285714285714
0.1637846,-1.2983928,0.043757142857142856,0.05
-0.5744677,0.51077366,0.05,0.0354
-0.6005335,0.39182875,0.05,0.03554285714285715
0.5158337,-0.31870118,0.05,0.03781428571428572
-1.9630295,0.6515878,0.0303,0.04285714285714286
-1.7281482,1.4499924,0.03495714285714286,0.05
1.280534,0.8177598,0.0473,0.03432857142857143
-1.9956405,0.5857099,0.0303,0.04285714285714286
-0.23008415,-0.39142674,0.05,0.034728571428571435
-1.4462453,-1.5274901,0.033985714285714286,0.044871428571428576
0.4799834,0.6952558,0.05,0.0247
0.64416814,1.500959,0.05,0.03915714285714286
-0.7733709,-1.5496018,0.033685714285714284,0.04427142857142857
0.90768796,0.48063308,0.04785714285714286,0.03507142857142857
1.1051922,0.04538655,0.04765714285714286,0.03512857142857143
-1.3354369,-1.4192945,0.03282857142857143,0.044942857142857146
0.6043267,0.70341474,0.05,0.024871428571428572
0.2744694,0.012306461,0.05,0.025
-0.20533802,1.619529,0.05,0.034371428571428574
-0.73091656,0.321378,0.031471428571428574,0.04984285714285715
-0.07493409,1.5960308,0.038400000000000004,0.05
-1.9491626,0.6858747,0.03274285714285714,0.05
0.39435908,0.18637149,0.05,0.02542857142857143
-0.68123645,-1.7571359,0.05,0.03275714285714286
-0.20350711,1.5988641,0.05,0.03475714285714286
0.36632368,0.53207886,0.05,0.024785714285714286
-1.4426318,-1.6028032,0.034728571428571435,0.04377142857142857
1.3176187,0.1870031,0.04798571428571429,0.034871428571428574
1.1949149,0.12503844,0.047971428571428575,0.034942857142857144
-1.4373138,-1.5657611,0.03482857142857143,0.04372857142857143
0.7032421,1.3837106,0.05,0.03812857142857143
-0.266204,-0.3771461,0.05,0.035514285714285714
-2.0179424,0.6323377,0.0303,0.04285714285714286
0.7164381,0.32246223,0.05,0.038271428571428574
1.1633387,0.22604038,0.04787142857142857,0.03434285714285714
1.5753593,0.61956203,0.04761428571428572,0.034814285714285714
1.6218677,0.5335698,0.04762857142857144,0.03467142857142857
0.7459122,-1.3124713,0.03482857142857143,0.05
0.1296104,-1.2539964,0.043757142857142856,0.05
-0.6274343,0.47521052,0.05,0.035114285714285716
-0.6373493,0.45342043,0.05,0.03514285714285714
0.10124842,-1.282665,0.043757142857142856,0.05
-1.6989707,1.4836901,0.03512857142857143,0.05
0.7010862,0.6877589,0.05,0.025257142857142856
-0.6041996,-1.6976444,0.05,0.03242857142857143
-0.4347316,0.48153585,0.05,0.036942857142857145
-0.43722823,0.50026536,0.05,0.037585714285714285
-0.4905057,0.530432,0.05,0.037085714285714284
-0.42107543,0.4500283,0.05,0.036757142857142856
0.71996707,0.7021206,0.05,0.025
-1.7179482,1.4568881,0.034614285714285715,0.05
-0.6897559,-1.5173941,0.05,0.03307142857142858
-0.6319749,0.45613652,0.05,0.03517142857142857
-0.60956305,0.48178002,0.05,0.035114285714285716
1.6090733,0.5555134,0.04751428571428572,0.03471428571428572
0.105258815,-1.2987858,0.043757142857142856,0.05
0.5157932,-1.2026786,0.034942857142857144,0.05
1.5269777,0.65127367,0.048100000000000004,0.035371428571428574
-0.20030351,0.99324775,0.0363,0.05
1.0889628,0.071887,0.04748571428571429,0.03438571428571429
0.708973,0.38907212,0.05,0.038271428571428574
-2.053001,0.6325109,0.0303,0.04285714285714286
-0.27572322,-0.46110642,0.05,0.03535714285714286
-1.419091,-1.5100557,0.03477142857142857,0.04391428571428572
1.3521336,0.49062026,0.04811428571428572,0.0344
1.2632016,0.14027014,0.04765714285714286,0.03452857142857143
-1.3959105,-1.5445805,0.03488571428571429,0.043942857142857145
0.41060892,0.49514437,0.05,0.02495714285714286
-0.27497655,1.6434851,0.05,0.03491428571428572
0.19785267,0.04295127,0.05,0.025914285714285713
-0.99948287,0.4367542,0.03217142857142857,0.05
-0.70952374,-1.7789389,0.05,0.03242857142857143
-0.1717647,1.5621748,0.05,0.034485714285714286
-0.71630627,-1.395039,0.038514285714285716,0.05
-1.4428834,0.29879078,0.02415714285714286,0.034228571428571435
0.5409099,0.18537316,0.05,0.02532857142857143
-0.2238817,-0.90642697,0.013714285714285715,0.013942857142857144
1.1521945,0.08215164,0.047085714285714286,0.034499999999999996
0.4495111,0.44736722,0.05,0.02472857142857143
1.2865012,0.05432329,0.047471428571428574,0.03435714285714286
-1.4075991,-1.4802966,0.03442857142857143,0.04372857142857143
0.67766404,1.3731976,0.05,0.03841428571428571
-1.4118656,-1.5568997,0.03438571428571429,0.043242857142857145
1.0561192,0.39675623,0.0477,0.035042857142857146
-2.0315878,0.6418631,0.0303,0.04285714285714286
-0.28098843,-0.47980934,0.05,0.035371428571428574
0.5073633,-0.33151907,0.05,0.03791428571428572
0.4341105,-0.30994657,0.05,0.038200000000000005
-1.7417649,1.4341687,0.035371428571428574,0.05
0.5916562,-0.8794466,0.034871428571428574,0.05
-0.6476211,0.36739156,0.05,0.03507142857142857
1.6385161,0.5248531,0.04717142857142857,0.034371428571428574
1.5228375,0.68236774,0.04751428571428572,0.03497142857142857
-0.5572723,0.4018753,0.05,0.035185714285714285
0.6374159,-0.8462348,0.03784285714285715,0.05
1.4833306,0.55346364,0.04862857142857143,0.03402857142857143
-0.5697024,-1.6688193,0.05,0.03258571428571429
-1.7230595,1.4642557,0.03465714285714286,0.05
0.7577029,0.6637719,0.05,0.024971428571428575
-0.69339454,-1.5003607,0.05,0.032
0.5043971,-0.22348367,0.05,0.038000000000000006
-0.45971432,0.52255726,0.05,0.036642857142857144
-0.453605,0.5424458,0.05,0.037785714285714284
0.6051481,-0.14547932,0.05,0.0378
-0.493749,0.5727736,0.05,0.037328571428571426
-0.73975474,-1.3139217,0.05,0.03308571428571429
-0.6398785,-0.1636556,0.05,0.03692857142857143
-0.65563047,-1.6838404,0.05,0.033171428571428574
0.6689838,0.7712589,0.05,0.024871428571428572
-1.7475779,1.4350628,0.03478571428571429,0.05
1.4852762,0.52366227,0.04772857142857143,0.03512857142857143
0.75632155,-1.056211,0.0348,0.05
-0.6173335,-1.0643139,0.05,0.03467142857142857
-0.59467053,0.49648094,0.05,0.03505714285714286
1.5291996,0.6808285,0.04765714285714286,0.03491428571428572
-0.6447342,0.29560375,0.05,0.03491428571428572
0.66819745,-1.4067326,0.035871428571428575,0.05
1.512796,0.54432565,0.047528571428571434,0.03471428571428572
0.4692797,-0.279827,0.05,0.03862857142857143
-1.7339817,1.3845106,0.035242857142857145,0.05
0.5904536,-0.25361556,0.05,0.037942857142857146
-0.23239647,-0.47162002,0.05,0.036057142857142864
-1.9259669,0.6969364,0.0303,0.04285714285714286
1.0636487,0.7788581,0.04794285714285715,0.03477142857142857
-1.438616,-1.546768,0.03482857142857143,0.0441
0.61075044,1.3342669,0.05,0.03848571428571429
-1.4649647,-1.5536197,0.034871428571428574,0.044185714285714286
1.179473,0.12970248,0.04794285714285715,0.034728571428571435
0.3413838,0.47439024,0.05,0.024457142857142858
1.1596415,0.039908506,0.047142857142857146,0.03478571428571429
-0.2071591,-0.90131634,0.013714285714285715,0.013942857142857144
0.33910805,0.14047086,0.05,0.025800000000000003
-0.2850778,1.5972298,0.05,0.03445714285714286
-0.18473431,1.6714959,0.05,0.03337142857142857
-0.33021307,0.20335956,0.05,0.0342
-1.2651677,-1.437549,0.034728571428571435,0.044885714285714286
1.3636421,0.3519678,0.04757142857142857,0.034485714285714286
0.6984874,1.4953227,0.05,0.040214285714285716
1.0439415,0.37273207,0.04731428571428572,0.03512857142857143
1.3622993,0.19491932,0.04857142857142857,0.03491428571428572
-0.56905985,-0.10575205,0.05,0.03441428571428572
1.3121154,0.6234521,0.04688571428571429,0.03465714285714286
-2.0889452,0.6056872,0.0303,0.04285714285714286
-1.5660384,0.45661664,0.0323,0.04962857142857143
-1.6826296,0.47210696,0.03217142857142857,0.04977142857142858
0.7893816,-1.1558192,0.03534285714285714,0.05
0.020132024,0.016693529,0.05,0.027628571428571433
-2.0984879,0.7032748,0.0303,0.04285714285714286
-1.6275967,0.3413384,0.031971428571428574,0.04912857142857143
-0.14922477,-0.8504026,0.013714285714285715,0.013942857142857144
0.13062036,0.18512322,0.05,0.026600000000000002
-1.4901023,-1.5334411,0.03488571428571429,0.04467142857142858
0.64814514,-1.5009414,0.03722857142857143,0.05
1.317829,0.8125341,0.04705714285714286,0.034100000000000005
0.41916418,-1.1886644,0.03457142857142857,0.05
0.34234622,0.44412178,0.05,0.024714285714285716
1.0223368,0.24856536,0.04694285714285715,0.03447142857142857
0.88638395,0.29364085,0.04794285714285715,0.035114285714285716
-0.5309354,-0.027165558,0.05,0.034114285714285715
-0.7678672,-1.6892012,0.05,0.032971428571428575
-0.9708482,-1.440582,0.05,0.03218571428571428
-0.9590825,-1.527058,0.05,0.03324285714285714
-0.7764767,-1.4583762,0.05,0.032785714285714286
0.25339964,0.09493502,0.05,0.025671428571428574
-0.5420792,0.15284362,0.05,0.03421428571428572
0.869011,0.030583818,0.04705714285714286,0.035242857142857145
1.2987312,0.4651823,0.04728571428571429,0.03541428571428572
-0.055384364,-0.10553975,0.05,0.024714285714285716
0.6339089,-1.3131757,0.034942857142857144,0.05
-1.569745,1.4551196,0.0355,0.05
-1.4179659,-1.5239296,0.03467142857142857,0.04421428571428571
1.4287052,0.798293,0.04811428571428572,0.03508571428571429
0.059725452,-0.0037382748,0.05,0.026942857142857143
-0.20524134,-0.9148008,0.013714285714285715,0.013942857142857144
-1.70136,0.50685704,0.032,0.04952857142857143
-2.0308435,0.59131676,0.0303,0.04285714285714286
0.23245797,0.36532345,0.05,0.02665714285714286
-1.5208921,0.414815,0.031657142857142856,0.04812857142857143
0.72486603,-1.4387364,0.03542857142857143,0.05
-1.6940027,0.49655765,0.03112857142857143,0.04757142857142857
-2.1133473,0.6280182,0.0303,0.04285714285714286
1.0303828,0.24766594,0.047328571428571435,0.03517142857142857
-0.40155795,0.26651508,0.05,0.03545714285714286
0.6446417,1.4608405,0.05,0.03981428571428572
1.4582767,0.35958534,0.04818571428571429,0.034871428571428574
1.1167655,0.2582524,0.047,0.034742857142857145
1.3021469,0.23660369,0.0466,0.03482857142857143
-0.7043234,-1.3696585,0.03724285714285715,0.05
-1.3442929,-1.4203928,0.034614285714285715,0.04525714285714286
0.6259094,-1.54382,0.03548571428571429,0.05
-0.23976646,1.594563,0.05,0.03498571428571429
-0.2641923,1.6032468,0.05,0.033914285714285716
-0.26927555,1.1115152,0.05,0.03444285714285714
0.68728423,-1.5015916,0.03668571428571429,0.05
1.076486,0.500054,0.047414285714285714,0.03467142857142857
1.3015873,0.19752203,0.04792857142857143,0.03514285714285714
0.6380081,1.406557,0.05,0.040100000000000004
-1.2498325,-1.5049855,0.034614285714285715,0.04435714285714286
0.7014521,-1.2187203,0.0353,0.05
1.3749015,0.5380997,0.04680000000000001,0.034999999999999996
0.6463881,1.4635493,0.05,0.038971428571428574
1.0321327,0.16830935,0.04630000000000001,0.033485714285714285
-0.5223766,-0.068952225,0.05,0.03465714285714286
-1.620243,0.46378928,0.03194285714285715,0.0489
-2.148792,0.6246319,0.0303,0.04285714285714286
-0.73060334,0.33292806,0.03217142857142857,0.04978571428571429
-0.17174426,-1.00254,0.013714285714285715,0.013942857142857144
0.09872586,0.22951452,0.05,0.027185714285714285
0.44657984,-1.5612028,0.0344,0.05
1.3900317,0.8580294,0.047457142857142864,0.034228571428571435
0.691701,-1.4894017,0.03592857142857143,0.05
0.323619,0.38969937,0.05,0.024471428571428575
1.4073155,0.81470543,0.048157142857142864,0.03467142857142857
-1.4871659,-1.5749738,0.0349,0.04454285714285715
0.107907124,0.03593689,0.05,0.03535714285714286
1.0866206,0.25745818,0.04705714285714286,0.0351
0.15300232,0.31574893,0.05,0.02767142857142857
-0.5652271,0.2167871,0.05,0.03475714285714286
-0.79718214,-1.7252965,0.05,0.032900000000000006
0.3010166,0.12040867,0.05,0.0246
-0.614278,-1.66735,0.05,0.032914285714285715
-0.6730848,-1.6528788,0.05,0.03292857142857143
-0.6457379,-1.5332053,0.05,0.03287142857142857
-0.5877171,-1.6259654,0.05,0.03305714285714286
-0.7306647,-1.6906849,0.05,0.0327
0.43832368,0.08758191,0.05,0.025157142857142857
-0.53422546,0.35105827,0.05,0.034685714285714285
0.045495536,-0.07793481,0.05,0.027085714285714286
1.237416,0.40190133,0.04794285714285715,0.035114285714285716
1.3711296,0.8548303,0.04794285714285715,0.035042857142857146
0.696405,-1.4689368,0.03611428571428572,0.05
0.4173875,0.4985003,0.05,0.0245
0.45594266,-1.2223547,0.03617142857142857,0.05
1.5323855,0.6275313,0.04744285714285715,0.034300000000000004
0.7132286,-1.3218753,0.03648571428571429,0.05
0.09028813,0.16572979,0.05,0.027585714285714286
0.015754588,-0.11336814,0.05,0.026671428571428575
-0.16877528,-0.9597133,0.013714285714285715,0.013942857142857144
-1.8978633,0.6983314,0.032542857142857144,0.04921428571428572
-1.9678985,0.5292243,0.0303,0.04285714285714286
-0.7447543,0.4169989,0.03211428571428571,0.05
-0.57068247,-0.04527596,0.05,0.03442857142857143
1.1070042,0.22986484,0.04711428571428572,0.03458571428571429
0.5586574,1.4438958,0.05,0.03911428571428571
1.283977,0.27490705,0.046914285714285714,0.03475714285714286
0.42159948,0.84755635,0.05,0.03547142857142857
-1.4511417,-1.5323673,0.03415714285714286,0.04391428571428572
1.2468059,0.25811487,0.04762857142857144,0.03525714285714286
1.1075748,0.602573,0.04742857142857143,0.034614285714285715
0.6440137,1.4814276,0.05,0.0398
0.76036376,-1.11677,0.03768571428571429,0.05
-0.22121768,1.5828898,0.05,0.0351
-0.12722322,1.6040362,0.05,0.034728571428571435
1.3201798,0.65026426,0.047414285714285714,0.03495714285714286
0.5529631,1.412449,0.05,0.03917142857142858
0.6544898,1.4122204,0.05,0.03868571428571429
1.2021006,0.3641596,0.04751428571428572,0.03521428571428572
0.7255105,0.8912977,0.015128571428571429,0.02142857142857143
-1.3065108,-1.5729256,0.03521428571428572,0.04472857142857143
0.62089884,-1.1477244,0.034814285714285714,0.05
1.0749898,0.5154401,0.04704285714285714,0.03435714285714286
0.15067546,1.4221375,0.038700000000000005,0.05
-0.225142,-0.93504953,0.013714285714285715,0.013942857142857144
0.13092963,0.25167856,0.05,0.027414285714285714
0.0911468,0.18038584,0.05,0.02632857142857143
-1.7476915,0.5043904,0.03211428571428571,0.049542857142857145
0.668122,0.39175203,0.05,0.038642857142857145
-1.6601976,0.4807648,0.03245714285714286,0.04961428571428572
-2.0035732,0.5576268,0.0303,0.04285714285714286
0.63176244,-1.3944093,0.035228571428571435,0.05
-0.03537525,-0.07073899,0.05,0.024571428571428574
0.5978178,-1.4081401,0.03427142857142857,0.05
-1.4051329,-1.4746294,0.03442857142857143,0.044442857142857145
1.483019,0.39027068,0.048471428571428575,0.034728571428571435
1.5014443,0.6426776,0.047528571428571434,0.03467142857142857
0.82553136,-1.3172072,0.03684285714285714,0.05
-0.19310603,1.6508541,0.05,0.034685714285714285
-0.54022235,-0.05344405,0.05,0.03441428571428572
0.7740258,0.22391295,0.04782857142857143,0.035042857142857146
0.9799913,0.24280648,0.046828571428571435,0.03485714285714286
-0.85698926,-1.3649901,0.05,0.033
-0.7912167,-1.6979437,0.05,0.03214285714285715
-0.68879074,-1.710397,0.05,0.032785714285714286
0.30832845,-0.0862216,0.05,0.025371428571428573
0.386613,0.2716785,0.05,0.025214285714285717
-0.81913495,-1.6181794,0.05,0.03284285714285714
-0.7897029,-1.6872021,0.05,0.0327
-1.0286831,-1.4284921,0.05,0.03287142857142857
1.0992734,0.17762873,0.04751428571428572,0.0352
0.92256594,0.31077272,0.0477,0.03525714285714286
-0.39674193,0.40472165,0.05,0.033900000000000007
-0.1812128,1.6500715,0.05,0.03451428571428571
-0.528572,-0.10145184,0.05,0.0349
0.4613855,-1.1945864,0.03638571428571429,0.05
1.4464653,0.5745917,0.04772857142857143,0.03488571428571429
-1.4680312,-1.5476565,0.03467142857142857,0.044585714285714284
0.6788811,-1.240406,0.037585714285714285,0.05
1.552703,0.47142515,0.04808571428571429,0.034942857142857144
-0.21984223,-0.0023944583,0.05,0.024414285714285715
0.68858266,-1.5146276,0.036328571428571425,0.05
0.5899412,0.47815824,0.05,0.03902857142857143
-1.8842614,0.5580876,0.0303,0.04285714285714286
-1.9427336,0.6391499,0.03245714285714286,0.04962857142857143
-1.324512,0.42935812,0.03288571428571429,0.04988571428571428
0.09246447,0.24937887,0.05,0.02684285714285714
0.06828266,0.13242003,0.05,0.027542857142857143
-0.1836544,-0.87015164,0.013714285714285715,0.013942857142857144
1.10637,0.70526904,0.04718571428571429,0.034614285714285715
0.73696476,-1.3823422,0.03545714285714286,0.05
-0.9469552,-1.4967167,0.03434285714285714,0.04328571428571429
0.5669631,1.4487345,0.05,0.03892857142857143
1.007572,0.74664706,0.049300000000000004,0.0355
0.9611773,0.28810492,0.047714285714285716,0.035114285714285716
0.5569133,1.4797436,0.05,0.038914285714285714
1.1051092,0.6795947,0.04728571428571429,0.03471428571428572
-0.24270323,1.6143728,0.05,0.03548571428571429
-0.28822285,1.065797,0.05,0.03467142857142857
-0.2903139,1.0970092,0.05,0.034814285714285714
-0.27331582,-0.448406,0.05,0.03517142857142857
-1.2012906,-1.4879737,0.0349,0.04504285714285715
0.7172362,-1.3361881,0.03471428571428572,0.05
1.3344313,0.25452927,0.04680000000000001,0.03471428571428572
1.0629292,0.48161548,0.04728571428571429,0.03505714285714286
0.9188314,0.848794,0.026800000000000004,0.03797142857142857
0.54186994,1.5274266,0.05,0.039414285714285714
1.3380232,0.60862184,0.046585714285714286,0.03402857142857143
-0.40771323,0.6601342,0.05,0.03475714285714286
0.10909197,0.22964866,0.05,0.02747142857142857
-0.19313197,-0.95235556,0.013714285714285715,0.013942857142857144
-2.0968106,0.6316612,0.0303,0.04285714285714286
0.1047055,0.19573526,0.05,0.02775714285714286
-1.5164422,0.43962857,0.03302857142857143,0.048971428571428575
-2.1756132,0.6762692,0.0303,0.04285714285714286
0.0018858248,-0.12751947,0.05,0.027600000000000003
0.71478873,-1.3755819,0.03547142857142857,0.05
-1.1709965,0.46441656,0.03301428571428571,0.05
1.5828418,0.5946187,0.04724285714285714,0.03458571428571429
0.7183244,-1.3694648,0.036442857142857145,0.05
-1.4556937,-1.552462,0.03521428571428572,0.04522857142857143
0.61230546,-1.3863642,0.03765714285714286,0.05
0.9716263,0.83657753,0.0357,0.05
-0.3780442,0.5205032,0.05,0.034114285714285715
-0.51245815,-0.06602188,0.05,0.03547142857142857
1.1476976,0.4565756,0.04685714285714286,0.03477142857142857
-0.37877908,0.5450808,0.05,0.03412857142857143
0.13551064,-1.2956892,0.043757142857142856,0.05
-0.60917985,-1.5823236,0.05,0.03312857142857143
0.6962569,0.06370154,0.047642857142857147,0.0349
-0.703897,-1.7397892,0.05,0.032342857142857145
-0.8888464,-1.5034657,0.05,0.032785714285714286
0.29926074,-0.05545471,0.05,0.02532857142857143
0.38577437,0.098049685,0.05,0.025285714285714286
-0.9091713,-1.4492756,0.05,0.03214285714285715
-0.5585157,-1.6678522,0.05,0.03307142857142858
1.319443,0.41115558,0.047914285714285715,0.03491428571428572
-0.9525338,-1.4207761,0.05,0.03287142857142857
0.170549,-1.2585233,0.043757142857142856,0.05
1.119971,0.37514323,0.04707142857142857,0.03501428571428571
-0.54120797,-0.03463303,0.05,0.03375714285714286
-0.5640073,0.08458015,0.05,0.03475714285714286
-0.4099096,0.29434776,0.05,0.03432857142857143
0.7527796,-1.3078895,0.036814285714285716,0.05
1.4499958,0.62931955,0.047842857142857145,0.035371428571428574
-1.4307911,-1.4854118,0.034300000000000004,0.04502857142857143
0.70453304,-1.4090229,0.03667142857142857,0.05
-1.645794,0.46296754,0.03232857142857143,0.04994285714285715
0.07906807,-0.03782007,0.05,0.027600000000000003
-2.0096471,0.57897973,0.0303,0.04285714285714286
-1.6161025,0.5173784,0.031971428571428574,0.04832857142857143
0.3928909,-1.1665858,0.0358,0.05
0.20788907,0.3781276,0.05,0.027385714285714288
-1.9452486,0.63141847,0.0303,0.04285714285714286
-0.2258981,-0.840088,0.013714285714285715,0.013942857142857144
0.19119318,0.31966797,0.05,0.02742857142857143
-0.5848912,0.023669796,0.05,0.035185714285714285
1.3184534,0.43825,0.0475,0.03498571428571429
1.0190526,0.24905607,0.047528571428571434,0.03512857142857143
0.539694,1.491961,0.05,0.03942857142857143
1.1011456,0.55491406,0.046585714285714286,0.03457142857142857
0.76019204,-1.3286136,0.03525714285714286,0.05
-1.4119858,-1.581327,0.034814285714285714,0.04448571428571429
-0.25552824,-0.4396425,0.05,0.03567142857142857
-0.21173264,1.6268952,0.05,0.034542857142857146
-0.27335355,1.1093496,0.05,0.0344
-0.22473998,1.5746224,0.05,0.03458571428571429
-0.2348589,1.1552106,0.05,0.035442857142857144
-0.26292574,1.2502762,0.05,0.0342
1.192089,0.736765,0.0477,0.0348
-0.2768562,-0.4646597,0.05,0.03525714285714286
0.6085914,1.3632605,0.05,0.03972857142857143
0.57650864,1.422581,0.05,0.039342857142857145
1.137664,0.017966416,0.046342857142857144,0.033
0.71132344,-1.1147789,0.03525714285714286,0.05
0.84697485,0.17724994,0.04731428571428572,0.034685714285714285
0.94942313,0.3019947,0.0469,0.03471428571428572
-1.9883324,0.5398238,0.0303,0.04285714285714286
-0.22100624,-0.94892657,0.013714285714285715,0.013942857142857144
-1.9428524,0.51080745,0.0303,0.04285714285714286
-1.7016634,0.46835005,0.031900000000000005,0.04965714285714286
0.056401603,0.20138702,0.05,0.027400000000000004
0.7924897,0.71979195,0.05,0.03898571428571429
0.63111204,-1.209247,0.05,0.03572857142857143
0.022015592,-0.123892374,0.05,0.02737142857142857
0.6381681,-1.5490235,0.03677142857142857,0.05
0.5742577,0.30329415,0.05,0.038142857142857145
0.8642406,-1.2279922,0.03658571428571429,0.05
1.475763,0.67276895,0.04814285714285715,0.0351
1.3684326,0.84654933,0.0477,0.03451428571428571
0.80696917,-1.1958982,0.03507142857142857,0.05
-0.3038553,1.0381707,0.05,0.033728571428571434
0.22271985,0.31081036,0.05,0.02765714285714286
-0.5350515,0.009738493,0.05,0.03467142857142857
0.08298729,-1.2422698,0.043757142857142856,0.05
-0.8825571,-1.5202491,0.05,0.032614285714285714
-0.8985552,-1.4054556,0.05,0.03325714285714286
1.0917919,0.024556667,0.047642857142857147,0.03505714285714286
-0.499841,0.00302327,0.05,0.03482857142857143
-0.74817675,-1.5245496,0.05,0.033
-0.72949356,-1.7473725,0.05,0.03315714285714286
0.43022978,0.09460498,0.05,0.025900000000000003
-0.8097835,-1.6311444,0.05,0.03295714285714286
0.32059067,0.11557769,0.05,0.025571428571428575
-0.5786958,-1.6744399,0.05,0.032900000000000006
1.1327533,0.15977937,0.04757142857142857,0.03512857142857143
-0.8154191,-1.2345026,0.05,0.03301428571428571
-0.41542122,0.48812032,0.05,0.035328571428571424
-0.9133638,-1.4014442,0.05,0.03272857142857143
0.06271605,-1.2829202,0.043757142857142856,0.05
-0.5770826,0.1740851,0.05,0.03452857142857143
-0.24188897,1.6418562,0.05,0.03415714285714286
0.23980439,0.35193112,0.05,0.026614285714285715
1.4356692,0.815712,0.04801428571428572,0.03467142857142857
0.66277784,-1.4681337,0.03547142857142857,0.05
0.76652926,-1.482905,0.035828571428571425,0.05
1.376585,0.40328616,0.04788571428571429,0.03435714285714286
0.032754242,-0.058155853,0.05,0.027114285714285716
0.61323565,0.32314354,0.05,0.03784285714285715
0.6417014,-1.3500011,0.036757142857142856,0.05
0.7032547,-1.4776419,0.03698571428571429,0.05
-0.19487838,-0.95964646,0.013714285714285715,0.013942857142857144
0.1943673,0.39138097,0.05,0.027628571428571433
-1.6078017,0.5744146,0.03271428571428572,0.05
-2.070706,0.62172616,0.0303,0.04285714285714286
-0.21435776,-0.86468226,0.013714285714285715,0.013942857142857144
-1.9101762,0.5416472,0.0303,0.04285714285714286
1.0209476,0.29316556,0.047542857142857144,0.03505714285714286
1.1602192,0.51471347,0.04711428571428572,0.034685714285714285
0.6163536,-1.2177579,0.03512857142857143,0.05
0.54608864,1.4063298,0.05,0.03935714285714286
1.1582975,0.060030047,0.047214285714285716,0.03445714285714286
1.0628393,0.30985978,0.047342857142857145,0.03421428571428572
-0.2515713,-0.42861718,0.05,0.034685714285714285
0.6417277,1.442757,0.05,0.039842857142857145
-0.29755303,1.1274765,0.05,0.034999999999999996
-0.11792878,1.5759531,0.05,0.034485714285714286
-0.1922171,1.5976665,0.05,0.034742857142857145
-0.15707853,1.6359235,0.05,0.034942857142857144
-0.28848496,1.1303189,0.05,0.03457142857142857
1.1197628,0.043005314,0.04688571428571429,0.03414285714285714
0.58571154,1.37633,0.05,0.03968571428571429
0.58948576,1.4719325,0.05,0.03925714285714286
-0.31456605,-0.5214271,0.05,0.035371428571428574
1.0255432,0.22203691,0.04785714285714286,0.034871428571428574
1.0562725,0.4488727,0.0471,0.03535714285714286
0.8958407,0.27815393,0.04757142857142857,0.03505714285714286
1.2567642,0.69418705,0.04698571428571429,0.03457142857142857
-1.9074298,0.5575274,0.0303,0.04285714285714286
-0.74654394,0.34457415,0.03262857142857143,0.04952857142857143
-2.1192548,0.54284626,0.0303,0.04285714285714286
0.75340325,-1.3458931,0.03702857142857143,0.05
0.65601933,0.009899172,0.05,0.037828571428571434
0.10751808,0.22713135,0.05,0.02737142857142857
0.54270935,0.44824442,0.05,0.038285714285714284
0.7232874,-1.2785665,0.03464285714285714,0.05
-1.3728257,-1.4474541,0.03388571428571429,0.045014285714285715
0.7055328,-1.4872866,0.0365,0.05
0.7049681,-1.4089594,0.03521428571428572,0.05
1.3866913,0.83748615,0.047528571428571434,0.034314285714285714
1.4708639,0.6278223,0.04755714285714286,0.034942857142857144
0.45776612,-1.1920086,0.035514285714285714,0.05
0.0060883844,-0.1477134,0.05,0.026885714285714287
-0.23183607,1.6041636,0.05,0.034614285714285715
-0.494768,-0.073968016,0.05,0.034242857142857144
-0.84919226,-1.3888448,0.05,0.03284285714285714
0.115870535,-1.2970738,0.043757142857142856,0.05
-0.91340864,-1.4129509,0.05,0.032600000000000004
-1.039901,-1.4695528,0.05,0.032985714285714285
-0.6802744,-1.620584,0.05,0.032542857142857144
-0.81731427,-1.6668929,0.05,0.0322
-0.54691017,-1.7258844,0.05,0.03287142857142857
-0.8144445,-1.6257048,0.05,0.03257142857142858
-0.89047337,-1.5809214,0.05,0.032471428571428575
-0.8521121,-1.400443,0.05,0.03352857142857143
0.09720188,-1.3355451,0.043757142857142856,0.05
-0.509765,0.10294195,0.05,0.034871428571428574
-0.26595172,1.2709792,0.05,0.03425714285714286
1.4583601,0.35805142,0.04785714285714286,0.03467142857142857
0.43766737,-1.2287561,0.035685714285714286,0.05
0.7256697,-1.3408256,0.036828571428571426,0.05
1.3968004,0.8066078,0.047642857142857147,0.03435714285714286
0.6391918,-1.4575212,0.034928571428571434,0.05
-1.4860133,-1.5875232,0.034999999999999996,0.044585714285714284
0.7605838,-1.4632545,0.034614285714285715,0.05
0.6227321,0.452756,0.05,0.038285714285714284
0.6316371,-0.01180986,0.05,0.037942857142857146
0.7008056,-1.4840877,0.03505714285714286,0.05
0.1390801,0.25906304,0.05,0.02732857142857143
-2.1332042,0.62221056,0.0303,0.04285714285714286
-0.8930965,0.33274084,0.03282857142857143,0.05
-2.1308768,0.64887846,0.0303,0.04285714285714286
1.2925165,0.6379745,0.047342857142857145,0.034685714285714285
1.0077014,0.51992995,0.04694285714285715,0.03478571428571429
0.9756992,0.31183812,0.04711428571428572,0.034814285714285714
0.62745655,1.4381205,0.05,0.040214285714285716
-0.29709405,-0.43481562,0.05,0.034928571428571434
1.1297717,0.5548359,0.0477,0.034728571428571435
1.1417352,0.19329855,0.04685714285714286,0.034742857142857145
0.63194203,1.4072537,0.05,0.03994285714285714
-0.2832186,1.0969079,0.05,0.03432857142857143
-0.1515925,1.6795187,0.05,0.03488571428571429
-0.27076498,1.2788635,0.05,0.03507142857142857
-0.25312278,1.5545515,0.05,0.03434285714285714
0.76077914,0.22091506,0.0466,0.03471428571428572
0.6346383,1.4270775,0.05,0.03924285714285714
0.69255143,1.460118,0.05,0.03994285714285714
1.1205319,0.020551754,0.04722857142857143,0.03384285714285714
1.0312005,0.36626148,0.047342857142857145,0.03462857142857143
-0.27154267,-0.48107788,0.05,0.03525714285714286
0.7234076,1.3895539,0.05,0.03961428571428571
-0.35129306,0.38676324,0.05,0.03402857142857143
1.2513735,0.45675078,0.04782857142857143,0.035314285714285715
1.2597442,0.5869278,0.0475,0.03457142857142857
0.08187908,0.07995183,0.05,0.02767142857142857
0.6714596,-1.2714064,0.037,0.05
0.6114515,-0.14932235,0.05,0.037642857142857145
0.67713034,-1.4362295,0.03654285714285715,0.05
-0.21331006,-0.9014312,0.013714285714285715,0.013942857142857144
-0.9063051,0.377647,0.031585714285714286,0.05
-1.9098996,0.5138671,0.0303,0.04285714285714286
-2.0588782,0.56510633,0.0303,0.04285714285714286
1.4462526,0.7771051,0.0475,0.03457142857142857
0.27804202,0.1753961,0.03724285714285715,0.05
0.751234,-1.3832313,0.03621428571428572,0.05
1.5166496,0.34519708,0.04772857142857143,0.035042857142857146
1.346246,0.89396507,0.0479,0.03408571428571429
0.7917411,-1.1877388,0.03521428571428572,0.05
-0.42892998,0.19138922,0.05,0.03377142857142857
0.08929349,-1.3037246,0.043757142857142856,0.05
-0.71463335,-1.6441141,0.05,0.03225714285714286
0.04269789,1.4967036,0.03861428571428571,0.05
0.014120564,-0.11498169,0.05,0.026971428571428577
-0.76641864,-1.7202588,0.05,0.03282857142857143
-0.8018848,-1.3329294,0.05,0.0328
-0.638353,-1.6331346,0.05,0.03308571428571429
-0.59099066,-1.6626207,0.05,0.03275714285714286
-0.78682387,-1.506706,0.05,0.03295714285714286
-0.71090156,-1.7512215,0.05,0.03264285714285714
0.034253865,-0.06330337,0.05,0.02734285714285714
-0.8128824,-1.6349213,0.05,0.03268571428571428
0.031850383,-1.2444963,0.043757142857142856,0.05
-0.4681045,0.28946418,0.05,0.03387142857142857
-0.58244956,-0.09409921,0.05,0.033800000000000004
1.3669086,0.78416246,0.048042857142857144,0.03425714285714286
0.65598553,-1.54035,0.03712857142857143,0.05
1.4763834,0.31922355,0.047457142857142864,0.034742857142857145
1.5518425,0.57313544,0.048,0.034685714285714285
0.7581147,-1.4280083,0.035942857142857144,0.05
-1.9804813,0.53397995,0.0303,0.04285714285714286
-2.1251225,0.6145612,0.0303,0.04285714285714286
-0.6578056,0.13996422,0.032342857142857145,0.04877142857142858
0.5254429,-1.4725897,0.03614285714285714,0.05
-0.19231692,-0.9217754,0.013714285714285715,0.013942857142857144
0.054467734,0.057549898,0.05,0.02742857142857143
0.44422588,-0.33618551,0.05,0.03798571428571429
0.69603795,-1.4066147,0.036071428571428574,0.05
0.9198583,0.26441514,0.0474,0.0347
1.0506878,0.24868646,0.047714285714285716,0.03482857142857143
-0.40080616,0.25282794,0.05,0.03371428571428572
0.6509459,1.2065324,0.047128571428571436,0.034614285714285715
-0.29030526,-0.47486955,0.05,0.035328571428571424
0.6927868,1.4490284,0.05,0.03950000000000001
0.6508186,1.4258689,0.05,0.03965714285714286
1.1091428,0.024251714,0.046642857142857146,0.03458571428571429
0.6812048,1.4811902,0.05,0.039471428571428574
1.3348742,0.23249553,0.047,0.03467142857142857
-0.24404645,1.6027508,0.05,0.03438571428571429
-0.16540977,1.6358174,0.05,0.03552857142857143
-0.27771407,1.0896517,0.05,0.03447142857142857
-0.22972654,1.6090742,0.05,0.034614285714285715
1.4211292,0.21803008,0.04868571428571429,0.034685714285714285
-1.1010674,-1.4702151,0.03441428571428572,0.04411428571428572
-0.021172842,1.5389144,0.05,0.03944285714285714
-0.2945589,-0.47524786,0.05,0.0361
1.2598581,0.7373537,0.04667142857142857,0.03408571428571429
1.0865908,0.069178134,0.04718571428571429,0.03264285714285714
0.63632065,1.5101216,0.05,0.03944285714285714
1.2575831,0.62060666,0.04717142857142857,0.03491428571428572
1.2291048,0.48156193,0.04737142857142857,0.034
-0.16844596,-0.93281376,0.013714285714285715,0.013942857142857144
0.697279,-1.2530352,0.034485714285714286,0.05
0.7205499,-1.4907463,0.036957142857142855,0.05
0.47913414,-0.30744955,0.05,0.037828571428571434
0.15179586,0.28275475,0.05,0.027114285714285716
-1.4499824,0.46518618,0.03211428571428571,0.049742857142857144
-2.1085193,0.6244799,0.0303,0.04285714285714286
-1.9874339,0.62997335,0.0303,0.04285714285714286
-1.8093566,0.628948,0.03174285714285715,0.05
-1.9832891,0.6475559,0.0303,0.04285714285714286
1.4556556,0.50233823,0.04731428571428572,0.03484285714285714
0.68166107,-1.2426755,0.0365,0.05
0.81936896,-1.126361,0.03748571428571428,0.05
1.5134786,0.6578191,0.0477,0.0347
0.3685955,0.46806103,0.05,0.024285714285714285
-0.7988535,-1.6254835,0.05,0.03292857142857143
-0.41162223,0.01402037,0.05,0.033914285714285716
0.04707729,-0.067243144,0.05,0.027142857142857142
-0.14509098,1.6168317,0.05,0.03541428571428572
-0.75600654,-1.3891286,0.05,0.032542857142857144
-0.7966139,-1.662915,0.05,0.033
-0.7835024,-1.7726969,0.05,0.032785714285714286
-0.768257,-1.386185,0.05,0.03272857142857143
0.24203339,0.41913402,0.05,0.02684285714285714
-0.24066089,1.0485314,0.05,0.034485714285714286
-0.51494807,0.11320996,0.05,0.035228571428571435
-0.78633505,-1.7188387,0.05,0.03264285714285714
0.097243145,-1.3195741,0.043757142857142856,0.05
0.45366532,0.5421162,0.05,0.024514285714285714
0.65214336,-1.4423896,0.035442857142857144,0.05
1.5294212,0.59270936,0.047957142857142865,0.034999999999999996
1.5132959,0.43955716,0.04737142857142857,0.03465714285714286
0.36786497,-1.240978,0.05,0.034742857142857145
-2.0276096,0.6800951,0.0303,0.04285714285714286
-1.5387917,0.46565953,0.0318,0.049100000000000005
-2.069109,0.578916,0.0303,0.04285714285714286
0.5809804,-0.12767436,0.05,0.03817142857142858
0.7991913,-1.272971,0.03668571428571429,0.05
-2.1357524,0.64347184,0.0303,0.04285714285714286
-0.8941047,0.3534443,0.03257142857142858,0.05
0.71820533,0.64799446,0.05,0.026814285714285714
-0.22061642,-0.9318678,0.013714285714285715,0.013942857142857144
0.42480662,-1.1735455,0.03442857142857143,0.05
1.3847178,0.3956136,0.04735714285714286,0.03507142857142857
1.2898824,0.5949149,0.04751428571428572,0.034928571428571434
1.0346985,0.14334089,0.04715714285714286,0.03435714285714286
0.6110263,1.4677525,0.05,0.03885714285714286
0.7284457,1.5242772,0.05,0.039342857142857145
1.1185465,0.7600591,0.04702857142857143,0.0344
1.4347886,0.2660311,0.04748571428571429,0.03514285714285714
-0.25746602,1.2705569,0.05,0.03488571428571429
-0.25598252,1.1494373,0.05,0.034042857142857146
0.853755,0.7800412,0.05,0.025142857142857147
-0.7067289,-1.8118538,0.05,0.032985714285714285
-0.25784722,1.111506,0.05,0.034185714285714285
-0.19579835,1.6337479,0.05,0.03475714285714286
-0.21878786,-0.8866053,0.013714285714285715,0.013942857142857144
0.6538418,1.5052379,0.05,0.03942857142857143
0.9675306,0.75258154,0.046971428571428574,0.034814285714285714
0.9130695,0.81062573,0.047771428571428576,0.03497142857142857
-1.3022643,-1.5825499,0.03495714285714286,0.045014285714285715
1.148594,0.22026752,0.04787142857142857,0.03501428571428571
0.38783517,0.59014136,0.05,0.024528571428571427
-0.24005492,-0.41688326,0.05,0.03488571428571429
-2.1790073,0.7010885,0.0303,0.04285714285714286
-2.0526335,0.54905725,0.0303,0.04285714285714286
0.52656525,-0.21639498,0.05,0.0379
-2.1455557,0.5919238,0.0303,0.04285714285714286
1.2286292,0.0021967143,0.047528571428571434,0.034942857142857144
0.5736564,-0.14901161,0.05,0.038271428571428574
0.4635119,-0.2812497,0.05,0.03812857142857143
1.1413989,0.4666728,0.04738571428571429,0.034728571428571435
1.4713662,0.62920517,0.04775714285714286,0.03508571428571429
-0.6306081,0.28328407,0.05,0.03452857142857143
-0.6000328,0.46136415,0.05,0.03527142857142857
0.13795775,-1.2912083,0.043757142857142856,0.05
0.5786233,-1.247099,0.035742857142857146,0.05
1.3485414,0.45719227,0.047328571428571435,0.03502857142857143
-0.4872345,-1.4261945,0.035242857142857145,0.05
0.50382805,-1.2147447,0.03455714285714286,0.05
-0.6987321,0.4143489,0.05,0.03458571428571429
1.53861,0.57754374,0.04811428571428572,0.034871428571428574
-0.6866298,-1.4184709,0.05,0.032614285714285714
-0.38362575,0.4353433,0.05,0.03658571428571429
-1.7066022,1.4738559,0.03501428571428571,0.05
-0.41534063,0.46634132,0.05,0.03711428571428572
0.4809069,-0.29465505,0.05,0.03797142857142857
-0.78447384,-1.4494187,0.05,0.032614285714285714
-1.6842574,1.498141,0.035242857142857145,0.05
0.7044981,0.6275183,0.05,0.024614285714285714
-0.4850723,0.5744339,0.05,0.0374
-0.7680279,-1.3952909,0.05,0.03321428571428572
-0.74502033,-1.3587625,0.05,0.033100000000000004
-0.6090604,-1.6755886,0.05,0.03275714285714286
-0.54951483,0.25245398,0.05,0.0369
0.52190524,-0.16735797,0.05,0.037957142857142856
-0.444891,0.55290633,0.05,0.03698571428571429
0.72097,0.61357635,0.05,0.0251
-1.692603,1.4855218,0.0352,0.05
0.31510976,-0.36521724,0.05,0.03554285714285715
-0.708961,-1.7786584,0.05,0.033100000000000004
-1.6688843,1.4896444,0.03507142857142857,0.05
-0.61952907,0.48193395,0.05,0.03515714285714286
0.8045378,-1.2957573,0.03558571428571429,0.05
1.5481166,0.5546096,0.04768571428571429,0.03515714285714286
1.5285684,0.6358437,0.04742857142857143,0.034942857142857144
0.72701013,-1.0773292,0.03475714285714286,0.05
0.73820937,-1.4131818,0.03502857142857143,0.05
0.14153272,-1.3448657,0.043757142857142856,0.05
-0.6428609,0.33858708,0.05,0.03572857142857143
1.5565618,0.66316104,0.0473,0.0349
-0.65267247,-1.1139911,0.05,0.03498571428571429
0.48820734,-0.2857591,0.05,0.03824285714285715
1.2241673,0.59343505,0.047471428571428574,0.03451428571428571
1.261825,0.050633464,0.04744285714285715,0.03467142857142857
0.52350235,-0.33103365,0.05,0.038142857142857145
0.48835826,-0.24605665,0.05,0.038142857142857145
-2.1020029,0.5649331,0.0303,0.04285714285714286
-2.1086884,0.61646473,0.0303,0.04285714285714286
-1.9731896,0.6522585,0.0303,0.04285714285714286
-0.2703193,-0.4404922,0.05,0.03432857142857143
0.4406018,0.68626696,0.05,0.024671428571428573
1.2499404,-0.016199822,0.04792857142857143,0.034499999999999996
-1.4994144,-1.5651225,0.03485714285714286,0.04382857142857143
0.96834254,0.856882,0.04772857142857143,0.034999999999999996
0.65276504,1.4580823,0.05,0.03992857142857143
0.98979586,0.6209097,0.04687142857142857,0.034485714285714286
-0.1605195,-0.9738407,0.013714285714285715,0.013942857142857144
-0.25624228,1.668428,0.05,0.034614285714285715
-0.64070696,-1.7948076,0.05,0.032342857142857145
-0.22646792,1.6244454,0.05,0.035114285714285716
0.7098753,0.5921612,0.05,0.0247
0.7466978,1.0403826,0.05,0.03491428571428572
-0.26839605,1.273383,0.05,0.03475714285714286
-0.2568805,1.280186,0.05,0.03438571428571429
-0.70205706,-1.719009,0.05,0.032985714285714285
-0.10678536,-1.02112,0.013714285714285715,0.013942857142857144
1.237664,0.13680033,0.047714285714285716,0.035185714285714285
-1.4962596,-1.6210166,0.034999999999999996,0.04468571428571429
1.1099807,0.39768654,0.04718571428571429,0.03441428571428572
0.5883359,1.4433249,0.05,0.039328571428571435
-1.4274482,-1.5819882,0.034871428571428574,0.04435714285714286
0.4193422,0.69940406,0.05,0.02462857142857143
-0.23274897,-0.41125685,0.05,0.035442857142857144
-2.1729436,0.6274242,0.0303,0.04285714285714286
-2.0875068,0.58877486,0.0303,0.04285714285714286
-1.95486,0.6695187,0.0303,0.04285714285714286
1.491806,0.5256488,0.0474,0.03475714285714286
0.45537794,-0.21553344,0.05,0.03831428571428572
0.5958312,0.105229095,0.05,0.03838571428571429
1.2889812,0.071941525,0.04724285714285714,0.03465714285714286
-0.67672974,0.48604935,0.05,0.03528571428571429
0.18826625,-1.3530006,0.043757142857142856,0.05
1.5533512,0.56122637,0.04831428571428572,0.03507142857142857
0.5805752,-1.501174,0.05,0.03662857142857143
0.74454504,-1.2566223,0.03525714285714286,0.05
1.4925355,0.38862047,0.04757142857142857,0.03501428571428571
-0.7434523,-1.3784695,0.05,0.03321428571428572
-0.7576532,0.4052172,0.035242857142857145,0.05
0.67285705,0.58695287,0.05,0.0245
0.6114291,0.16719134,0.05,0.037942857142857146
-0.7769435,-1.3763474,0.05,0.03284285714285714
0.71717334,0.7176867,0.05,0.024642857142857147
-1.7363338,1.4492407,0.035371428571428574,0.05
-0.69709253,-1.2394409,0.05,0.032914285714285715
0.6588425,0.28232625,0.05,0.03950000000000001
-0.83616936,-1.5925274,0.05,0.03301428571428571
0.7636436,-1.2334452,0.03588571428571429,0.05
1.5290148,0.5026215,0.04817142857142857,0.03465714285714286
1.3586831,0.77390265,0.047914285714285715,0.03515714285714286
0.79264456,-1.3220948,0.035114285714285716,0.05
0.028698266,-1.2060704,0.043757142857142856,0.05
-0.59788513,0.38075444,0.05,0.03538571428571429
0.59539306,0.031868767,0.05,0.03811428571428571
1.2801796,0.0527358,0.047328571428571435,0.034942857142857144
1.4248587,0.37460327,0.04785714285714286,0.034814285714285714
0.41650486,-0.30733976,0.05,0.03847142857142857
-2.1244211,0.67532,0.0303,0.04285714285714286
-2.0804646,0.6236649,0.0303,0.04285714285714286
-1.9444176,0.581485,0.0303,0.04285714285714286
-0.29203203,-0.4719713,0.05,0.03467142857142857
0.44361478,0.70864767,0.05,0.024514285714285714
-1.4124383,-1.5155864,0.0349,0.04391428571428572
1.1585977,0.18042879,0.0471,0.03495714285714286
0.5887642,1.4000527,0.05,0.039542857142857143
-1.4508315,-1.5813863,0.03497142857142857,0.0451
1.3975172,0.6398727,0.04758571428571429,0.03442857142857143
-0.21355176,-0.9454768,0.013714285714285715,0.013942857142857144
-0.18297847,1.6431082,0.05,0.035314285714285715
-0.6816361,-1.7688693,0.05,0.032600000000000004
-0.29960755,1.0602055,0.05,0.03488571428571429
-0.26194683,1.6612945,0.05,0.03462857142857143
-0.2816832,1.1084068,0.05,0.03271428571428572
0.75735706,0.73349595,0.05,0.025057142857142858
-0.12760441,-0.9881445,0.013714285714285715,0.013942857142857144
-1.3930031,-1.4673867,0.0342,0.04352857142857143
0.66834444,1.407564,0.05,0.03912857142857143
0.42710793,0.62309456,0.05,0.024585714285714287
1.1089557,0.8392541,0.04737142857142857,0.03428571428571429
-1.4664087,-1.5268916,0.035042857142857146,0.043942857142857145
0.6878561,1.5019405,0.05,0.0391
0.97805667,0.6800222,0.04728571428571429,0.03452857142857143
-1.8178873,0.5245926,0.029685714285714287,0.01332857142857143
-0.65189165,-1.6796333,0.05,0.032485714285714284
-0.28575295,-0.45596227,0.05,0.035628571428571426
-0.26249778,-0.45337668,0.05,0.0349
0.4920244,-0.3218197,0.05,0.038457142857142856
-1.7072133,1.4691952,0.03547142857142857,0.05
1.2444366,0.18236561,0.0475,0.0347
0.9488195,0.5816138,0.047528571428571434,0.034685714285714285
0.49793327,-0.09928291,0.05,0.0378
-1.9556532,0.5784895,0.0303,0.04285714285714286
-2.0844893,0.6075072,0.0303,0.04285714285714286
0.72063005,-1.3249984,0.0363,0.05
1.1762502,0.8479308,0.047342857142857145,0.03495714285714286
1.4626408,0.39153922,0.0474,0.03505714285714286
0.7958281,-1.3731059,0.03642857142857143,0.05
-0.57027143,0.36627692,0.05,0.03514285714285714
-0.013884974,-1.3317059,0.043757142857142856,0.05
-0.79204744,-1.4714009,0.05,0.032914285714285715
0.5465174,-0.33404046,0.05,0.038085714285714285
-0.66393894,-1.5090292,0.05,0.033100000000000004
-1.6806898,1.4897684,0.0349,0.05
-0.69405437,-0.18445532,0.05,0.0363
-0.4774622,0.62753516,0.05,0.037571428571428575
-0.59013826,-1.6158105,0.05,0.03312857142857143
-0.7385039,-1.159454,0.05,0.038014285714285716
-1.6811386,1.4944725,0.0352,0.05
-0.7885365,-1.489257,0.05,0.032914285714285715
0.09969653,-1.3341998,0.043757142857142856,0.05
-0.5883726,0.37171105,0.05,0.03635714285714286
1.3616198,0.2759739,0.04758571428571429,0.03538571428571429
0.7626533,-1.1547732,0.03598571428571429,0.05
0.75009,-1.4334866,0.03482857142857143,0.05
1.1627173,0.8620348,0.04788571428571429,0.03498571428571429
-2.1428668,0.6716157,0.0303,0.04285714285714286
-1.9841881,0.5442678,0.0303,0.04285714285714286
1.1381426,0.6324342,0.04772857142857143,0.03475714285714286
0.48353478,-0.3264374,0.05,0.03774285714285715
0.45922604,-0.3398254,0.05,0.03841428571428571
0.98260546,0.10187076,0.04731428571428572,0.0344
-1.6822207,1.4951644,0.03638571428571429,0.05
-0.25853768,-0.4298237,0.05,0.034928571428571434
-0.30694336,-0.44525805,0.05,0.035228571428571435
-1.9466581,0.5999056,0.0303,0.04285714285714286
0.58719385,1.4221921,0.05,0.039271428571428575
0.9731955,0.5890359,0.0472,0.03502857142857143
-1.4659928,-1.5594937,0.03488571428571429,0.04345714285714286
1.2225361,0.8037493,0.047142857142857146,0.03412857142857143
0.3378277,0.5876096,0.05,0.024671428571428573
0.6999045,1.448058,0.05,0.03901428571428572
-1.4898638,-1.6056083,0.03455714285714286,0.04358571428571428
-0.15567283,-0.9685803,0.013714285714285715,0.013942857142857144
0.6362197,0.72420937,0.05,0.024528571428571427
-0.20403764,1.6358647,0.05,0.03421428571428572
-0.1940822,1.6567254,0.05,0.035371428571428574
-1.1317222,0.37832108,0.032600000000000004,0.05
-0.23224871,1.6636196,0.05,0.03447142857142857
-0.5878118,-1.6326195,0.05,0.03292857142857143
-0.15851448,1.6334506,0.05,0.0349
0.6901114,0.6281306,0.05,0.024914285714285715
-0.2627548,-0.8238385,0.013714285714285715,0.013942857142857144
0.46589455,0.6949687,0.05,0.024242857142857146
0.9583981,0.8068737,0.04785714285714286,0.03502857142857143
0.4883791,0.61087185,0.05,0.024300000000000002
1.0436888,0.7049636,0.047085714285714286,0.03475714285714286
0.09540988,1.4936445,0.05,0.039214285714285715
0.11402548,1.4709911,0.05,0.040471428571428575
0.7140719,1.1593921,0.047271428571428575,0.03455714285714286
-1.4250587,-1.525803,0.03421428571428572,0.04534285714285714
-2.0811522,0.7044406,0.0303,0.04285714285714286
0.5039019,-0.32650617,0.05,0.03781428571428572
1.2663584,0.01565563,0.047714285714285716,0.03485714285714286
1.2025375,0.63209015,0.04757142857142857,0.0347
0.46816444,-0.24334127,0.05,0.038071428571428576
-2.0444434,0.57533187,0.0303,0.04285714285714286
-2.1344433,0.6449425,0.0303,0.04285714285714286
0.59518087,-1.3140867,0.036,0.05
1.2486974,0.78911215,0.04765714285714286,0.03507142857142857
1.2055404,0.8739453,0.04851428571428572,0.03435714285714286
0.6117388,-0.9453436,0.03507142857142857,0.05
-0.6400723,0.47937223,0.05,0.03508571428571429
1.2315594,0.21065621,0.047471428571428574,0.034614285714285715
-0.668167,0.40991357,0.05,0.034999999999999996
0.1563242,-1.2821603,0.043757142857142856,0.05
-1.6713951,1.4842218,0.035242857142857145,0.05
-0.690481,-1.413794,0.05,0.032985714285714285
-0.85603094,-1.5447416,0.05,0.032785714285714286
0.64602065,0.7071234,0.05,0.025171428571428574
-0.49486703,0.6188445,0.05,0.03735714285714286
0.6958521,0.65426725,0.05,0.0247
-0.35677636,0.45870498,0.05,0.036514285714285714
-0.818413,-1.5104121,0.05,0.03255714285714286
-1.6903614,1.5148073,0.035371428571428574,0.05
-0.594645,-1.6400602,0.05,0.03244285714285715
0.06516591,0.9725583,0.03445714285714286,0.05
1.4118528,0.3830353,0.047342857142857145,0.0347
0.16921443,-1.2627486,0.043757142857142856,0.05
-0.62933874,0.4876238,0.05,0.0353
1.1600258,0.88656944,0.04772857142857143,0.03498571428571429
-0.6177834,0.44913468,0.05,0.03488571428571429
0.7048856,-1.2058153,0.03547142857142857,0.05
0.718381,-1.2612575,0.03591428571428572,0.05
1.3680694,0.3811168,0.048214285714285716,0.03507142857142857
-1.9534845,0.6463269,0.0303,0.04285714285714286
-1.987236,0.6131648,0.0303,0.04285714285714286
1.3457575,0.79769665,0.047714285714285716,0.035185714285714285
0.36131275,-0.24283752,0.05,0.038271428571428574
0.5268812,-0.37009698,0.05,0.03791428571428572
1.3185316,0.41105473,0.04711428571428572,0.03442857142857143
0.7079654,1.3547498,0.05,0.039542857142857143
-1.4508226,-1.5205452,0.03488571428571429,0.04467142857142858
1.2365687,0.061659515,0.048042857142857144,0.03452857142857143
1.0349653,0.5819506,0.047142857142857146,0.034314285714285714
0.45247853,0.53436166,0.05,0.024614285714285714
0.56694895,1.4873438,0.05,0.039542857142857143
1.0789535,0.7157118,0.04788571428571429,0.03498571428571429
0.39171943,0.6072129,0.05,0.024328571428571432
0.7074663,0.7713496,0.05,0.02465714285714286
-0.25915703,1.1236293,0.05,0.03425714285714286
-0.18176611,1.6600114,0.05,0.03458571428571429
-0.76141363,-0.27227724,0.030871428571428574,0.0479
-0.7745589,-1.6547787,0.05,0.03268571428571428
